SKU,Наличност,Бройки,Цена (лв.)
948554,Изчерпан,-,8.64
952744,Наличен,-,10.33
952745,Наличен,-,10.33
952746,Наличен,-,10.33
952747,Наличен,-,10.33
947906,Изчерпан,-,12.99
947907,Изчерпан,-,12.99
947908,Изчерпан,-,12.99
947909,Изчерпан,-,15.19
947910,Изчерпан,-,15.19
947911,Изчерпан,-,15.19
947912,Наличен,-,18.10
947913,Наличен,-,18.10
947914,Наличен,-,18.10
958457,Изчерпан,-,5.98
944593,Наличен,-,5.98
958458,Наличен,-,5.98
944594,Изчерпан,-,5.98
945063,Изчерпан,-,5.98
948541,Наличен,-,8.13
948542,Наличен,-,8.13
948543,Наличен,-,8.13
948544,Наличен,-,8.13
949899,Наличен,-,8.13
949900,Наличен,-,8.13
948545,Наличен,-,8.44
959765,Наличен,-,8.44
948546,Наличен,-,8.44
948547,Наличен,-,8.44
948548,Наличен,-,8.44
949901,Наличен,-,8.39
949902,Наличен,-,8.39
944569,Наличен,-,9.10
944570,Наличен,-,9.10
944571,Наличен,-,9.10
944572,Наличен,-,9.10
952754,Наличен,-,9.10
952755,Наличен,-,9.10
952756,Наличен,-,9.10
944573,Изчерпан,-,9.82
944574,Наличен,-,9.82
944575,Наличен,-,9.82
944576,Наличен,-,9.82
952757,Наличен,-,9.82
952758,Наличен,-,9.82
952759,Наличен,-,9.82
952748,Наличен,-,10.33
952749,Наличен,-,10.33
952750,Наличен,-,10.33
952751,Наличен,-,10.33
944056,Наличен,-,7.31
944057,Наличен,-,7.31
944058,Наличен,-,7.31
944059,Наличен,-,7.31
949885,Наличен,-,7.31
949886,Наличен,-,7.31
949887,Наличен,-,7.31
949888,Наличен,-,7.31
949889,Наличен,-,7.31
949890,Наличен,-,7.31
949891,Наличен,-,7.31
944060,Наличен,-,7.57
944061,Наличен,-,7.57
944062,Наличен,-,7.57
960673,Наличен,-,7.57
944063,Наличен,-,7.57
962532,Наличен,-,7.57
962533,Наличен,-,7.57
962534,Наличен,-,7.57
949892,Наличен,-,7.57
949893,Наличен,-,7.57
949894,Наличен,-,7.57
957980,Наличен,-,7.82
944577,Наличен,-,7.82
944578,Наличен,-,7.82
952760,Наличен,-,7.82
944579,Наличен,-,7.82
944580,Наличен,-,7.82
949940,Наличен,-,7.82
952752,Наличен,-,7.82
952753,Наличен,-,7.82
958455,Наличен,-,8.08
944581,Наличен,-,8.08
944582,Наличен,-,8.08
958456,Наличен,-,8.08
944583,Наличен,-,8.08
944584,Наличен,-,8.08
941203,Наличен,-,23.01
941204,Наличен,-,23.01
941205,Наличен,-,23.01
941206,Наличен,-,23.01
946983,Наличен,-,24.49
958891,Наличен,-,24.49
946984,Наличен,-,24.49
946985,Наличен,-,24.49
946986,Наличен,-,24.49
952316,Наличен,-,26.84
952317,Наличен,-,26.84
952318,Наличен,-,26.84
952319,Наличен,-,26.84
952313,Наличен,-,30.68
952314,Наличен,-,30.68
952315,Наличен,-,30.68
952311,Наличен,-,33.75
952312,Наличен,-,33.75
958878,Наличен,-,6.90
958877,Наличен,-,6.90
958875,Наличен,-,6.90
958876,Наличен,-,6.90
958882,Наличен,-,7.41
958881,Наличен,-,7.41
958879,Наличен,-,7.41
958880,Наличен,-,7.41
958886,Наличен,-,8.08
958885,Наличен,-,8.08
958883,Наличен,-,8.08
958884,Наличен,-,8.08
958890,Наличен,-,9.31
958889,Наличен,-,9.31
958887,Наличен,-,9.31
958888,Наличен,-,9.31
939129,Наличен,-,16.87
939132,Наличен,-,16.87
939131,Наличен,-,16.87
939098,Наличен,-,16.87
944869,Изчерпан,-,15.70
939130,Наличен,-,16.87
957579,Наличен,-,92.03
957580,Наличен,-,96.63
956826,Наличен,-,108.91
956824,Наличен,-,110.44
956805,Наличен,-,105.33
956808,Наличен,-,110.44
956807,Наличен,-,137.03
956803,Наличен,-,100.21
956801,Наличен,-,100.21
956802,Наличен,-,100.21
956806,Наличен,-,147.25
956813,Наличен,-,110.44
956814,Наличен,-,115.55
956816,Наличен,-,125.27
956812,Наличен,-,110.44
956821,Наличен,-,110.44
956820,Наличен,-,115.55
956819,Наличен,-,120.15
956822,Наличен,-,125.27
956823,Наличен,-,125.27
956818,Наличен,-,100.21
956800,Наличен,-,100.21
956804,Наличен,-,105.33
956809,Наличен,-,155.94
956810,Наличен,-,193.27
956811,Наличен,-,115.55
948732,Изчерпан,-,13.24
948733,Изчерпан,-,14.83
948734,Наличен,-,15.24
948737,Изчерпан,-,27.10
948738,Изчерпан,-,28.12
948739,Изчерпан,-,29.65
948740,Наличен,-,35.59
948741,Наличен,-,38.35
958600,Наличен,-,41.93
948719,Наличен,-,29.65
948720,Наличен,-,31.70
948721,Наличен,-,33.23
948742,Наличен,-,20.40
948743,Наличен,-,21.93
948744,Наличен,-,23.62
948746,Наличен,-,24.13
948745,Наличен,-,25.56
948747,Наличен,-,26.59
948748,Наличен,-,28.12
948750,Наличен,-,29.65
948749,Наличен,-,29.65
948751,Наличен,-,32.21
948752,Наличен,-,38.86
948753,Наличен,-,43.46
951332,Наличен,-,42.95
959000,Наличен,-,88.45
958911,Наличен,-,89.48
959001,Наличен,-,92.03
958910,Наличен,-,80.78
958999,Наличен,-,86.41
958913,Наличен,-,79.25
958914,Наличен,-,81.81
958912,Изчерпан,-,77.72
958915,Наличен,-,71.07
958916,Наличен,-,76.69
958917,Наличен,-,92.03
958909,Наличен,-,111.97
958892,Наличен,-,96.63
958893,Наличен,-,100.21
958853,Наличен,-,110.44
958849,Наличен,-,266.89
958848,Изчерпан,-,174.86
958847,Наличен,-,167.70
958850,Наличен,-,63.91
958851,Наличен,-,67.49
958852,Наличен,-,76.18
958277,Наличен,-,190.20
958278,Наличен,-,191.73
958274,Наличен,-,132.94
958275,Наличен,-,139.58
958276,Наличен,-,200.43
956958,Наличен,-,151.34
957653,Наличен,-,164.64
956515,Наличен,-,122.20
956514,Наличен,-,124.24
956143,Наличен,-,142.65
956144,Наличен,-,143.16
956145,Наличен,-,147.25
956516,Наличен,-,151.34
955678,Наличен,-,165.15
958269,Наличен,-,118.62
954808,Наличен,-,118.62
954807,Наличен,-,121.69
954806,Наличен,-,123.73
954805,Изчерпан,-,130.38
959973,Наличен,-,130.38
954582,Наличен,-,123.73
954581,Наличен,-,132.42
954580,Наличен,-,122.71
954579,Наличен,-,132.42
954810,Наличен,-,125.27
954135,Наличен,-,100.21
954134,Наличен,-,115.55
961102,Наличен,-,125.27
959888,Изчерпан,-,141.12
952070,Наличен,-,125.27
952073,Изчерпан,-,89.48
952062,Наличен,-,103.28
952061,Наличен,-,106.86
952060,Наличен,-,107.37
952059,Наличен,-,112.48
951965,Наличен,-,234.17
948778,Наличен,-,270.98
948779,Наличен,-,281.21
948780,Изчерпан,-,285.81
948781,Наличен,-,296.04
951967,Наличен,-,248.49
948783,Наличен,-,330.29
948775,Изчерпан,-,21.12
948776,Изчерпан,-,21.88
948777,Наличен,-,95.10
946214,Наличен,-,159.52
943913,Наличен,-,170.26
943914,Наличен,-,191.73
932707,Наличен,-,139.58
932708,Наличен,-,143.16
930487,Наличен,-,148.27
932709,Наличен,-,153.39
932710,Наличен,-,152.36
930488,Наличен,-,166.17
930489,Наличен,-,163.10
930490,Наличен,-,167.70
932711,Наличен,-,176.91
941336,Наличен,-,190.71
941337,Наличен,-,202.47
930486,Наличен,-,150.83
935752,Наличен,-,112.69
951349,Наличен,-,37.84
943019,Наличен,-,39.88
946127,Наличен,-,40.90
941952,Наличен,-,35.28
955776,Наличен,-,40.90
951347,Наличен,-,39.88
955778,Наличен,-,41.93
941953,Наличен,-,36.81
946126,Наличен,-,41.93
945809,Наличен,-,32.21
936239,Наличен,-,33.23
936240,Наличен,-,35.79
945810,Наличен,-,39.88
936241,Наличен,-,43.46
936242,Наличен,-,45.50
951331,Наличен,-,56.24
211214,Изчерпан,-,25.16
190907,Наличен,-,13.19
190908,Наличен,-,14.73
190909,Наличен,-,16.67
920482,Наличен,-,11.86
920483,Наличен,-,14.47
947335,Изчерпан,-,38.86
947336,Наличен,-,41.93
947332,Изчерпан,-,29.65
947333,Изчерпан,-,33.75
947334,Наличен,-,35.28
926930,Наличен,-,14.83
927231,Изчерпан,-,15.29
926931,Изчерпан,-,18.15
926932,Изчерпан,-,18.87
927233,Наличен,-,21.88
927232,Изчерпан,-,16.77
955850,Изчерпан,-,50.62
955851,Наличен,-,58.29
948332,Наличен,-,39.88
947940,Наличен,-,40.39
948735,Наличен,-,54.20
948736,Наличен,-,57.26
948327,Наличен,-,65.96
948328,Наличен,-,74.14
947399,Наличен,-,38.35
947400,Наличен,-,40.90
947401,Наличен,-,44.99
948722,Наличен,-,33.75
948723,Наличен,-,36.81
939476,Наличен,-,13.04
938297,Наличен,-,15.29
938298,Наличен,-,18.20
922769,Наличен,-,37.32
922770,Наличен,-,40.39
922766,Наличен,-,2.66
932655,Наличен,-,24.49
926925,Наличен,-,33.23
922813,Наличен,-,43.46
922814,Наличен,-,58.80
920507,Наличен,-,11.50
920508,Наличен,-,11.91
920509,Наличен,-,12.68
920510,Наличен,-,14.11
921296,Наличен,-,22.60
920505,Наличен,-,26.59
921173,Наличен,-,28.63
171205,Наличен,-,16.77
171206,Наличен,-,21.88
171207,Наличен,-,24.13
171212,Наличен,-,14.06
171213,Наличен,-,14.78
171214,Наличен,-,16.16
171215,Наличен,-,17.79
920468,Наличен,-,19.89
171210,Наличен,-,11.86
171211,Наличен,-,14.78
171208,Наличен,-,10.02
171209,Наличен,-,13.09
941908,Наличен,-,59.31
941909,Наличен,-,63.40
932614,Наличен,-,42.95
932615,Наличен,-,44.99
948756,Наличен,-,37.32
948757,Наличен,-,54.20
948758,Наличен,-,74.14
947345,Изчерпан,-,55.73
947346,Изчерпан,-,65.45
944208,Изчерпан,-,34.10
944207,Изчерпан,-,113.51
932605,Наличен,-,23.72
932606,Изчерпан,-,28.17
932607,Наличен,-,42.44
944926,Наличен,-,52.66
944927,Наличен,-,61.36
933224,Наличен,-,5.93
931710,Наличен,-,7.41
931711,Наличен,-,10.23
931712,Наличен,-,15.95
920470,Наличен,-,10.33
920471,Наличен,-,12.22
920472,Наличен,-,15.95
150601,Наличен,-,9.61
150602,Наличен,-,10.99
150603,Наличен,-,14.47
150604,Наличен,-,17.64
150605,Изчерпан,-,18.30
920469,Изчерпан,-,19.22
925994,Наличен,-,33.23
935289,Наличен,-,27.35
935290,Наличен,-,33.03
935291,Наличен,-,42.44
923025,Изчерпан,-,14.73
923026,Наличен,-,24.54
923027,Наличен,-,26.59
958962,Наличен,-,41.93
958964,Наличен,-,44.48
958966,Наличен,-,47.55
958597,Наличен,-,27.10
958598,Наличен,-,31.70
958599,Наличен,-,32.72
932799,Наличен,-,33.75
932800,Наличен,-,38.35
932801,Наличен,-,40.39
959361,Наличен,-,122.71
943217,Наличен,-,49.08
943218,Наличен,-,52.66
948701,Наличен,-,31.96
948702,Наличен,-,34.77
948703,Наличен,-,36.81
948710,Наличен,-,70.56
948707,Наличен,-,53.69
948708,Наличен,-,62.38
948709,Изчерпан,-,65.45
948759,Наличен,-,48.57
948760,Наличен,-,55.73
948761,Наличен,-,59.31
948762,Изчерпан,-,62.89
948724,Изчерпан,-,38.86
948725,Изчерпан,-,40.90
948726,Наличен,-,51.13
948727,Наличен,-,36.81
948728,Наличен,-,37.32
948729,Наличен,-,44.48
948730,Наличен,-,44.99
948731,Наличен,-,46.02
944981,Изчерпан,-,46.73
944982,Изчерпан,-,67.49
943215,Наличен,-,53.69
943216,Наличен,-,48.93
943214,Наличен,-,75.62
942200,Изчерпан,-,45.97
928448,Наличен,-,23.67
928222,Наличен,-,25.21
928447,Наличен,-,27.05
927235,Наличен,-,31.70
926927,Наличен,-,32.72
927236,Наличен,-,33.23
926928,Наличен,-,34.77
927234,Наличен,-,29.65
926926,Наличен,-,31.19
938105,Наличен,-,125.32
932705,Наличен,-,144.70
932706,Наличен,-,144.70
932703,Наличен,-,113.51
932704,Наличен,-,139.58
929958,Наличен,-,55.73
929959,Наличен,-,63.91
922773,Наличен,-,44.99
922774,Наличен,-,48.57
948330,Наличен,-,50.11
947941,Наличен,-,53.69
948331,Наличен,-,60.84
932611,Наличен,-,39.88
932612,Наличен,-,42.44
201512,Наличен,-,40.39
928221,Наличен,-,41.93
958507,Наличен,-,39.88
948716,Наличен,-,69.02
948711,Наличен,-,47.04
948712,Наличен,-,49.08
948713,Наличен,-,52.15
948714,Наличен,-,53.69
948717,Наличен,-,81.30
938110,Изчерпан,-,44.48
937120,Наличен,-,64.93
937118,Наличен,-,65.45
937119,Наличен,-,67.49
948764,Наличен,-,35.79
948765,Наличен,-,37.32
948766,Изчерпан,-,38.86
950801,Наличен,-,9.97
948769,Наличен,-,56.24
948768,Наличен,-,53.69
944347,Наличен,-,33.23
929956,Наличен,-,33.75
944348,Наличен,-,34.77
953472,Наличен,-,36.81
929957,Наличен,-,36.81
953473,Наличен,-,38.35
953474,Наличен,-,40.39
922234,Наличен,-,38.35
922235,Изчерпан,-,43.97
922236,Наличен,-,52.15
960553,Наличен,-,14.83
960554,Наличен,-,17.90
956043,Изчерпан,-,17.33
956044,Изчерпан,-,22.96
956045,Изчерпан,-,29.65
948771,Наличен,-,47.55
948770,Наличен,-,54.20
948754,Наличен,-,60.84
948755,Наличен,-,72.60
923028,Наличен,-,25.56
923029,Наличен,-,27.10
100903,Наличен,-,23.42
927286,Наличен,-,24.29
935747,Наличен,-,35.59
935748,Наличен,-,38.86
947828,Наличен,-,50.62
930203,Наличен,-,10.48
930204,Наличен,-,10.74
930205,Наличен,-,12.02
953471,Изчерпан,-,44.99
953557,Наличен,-,23.78
953558,Наличен,-,24.29
953559,Наличен,-,26.54
955579,Наличен,-,18.66
955580,Наличен,-,19.38
955581,Наличен,-,20.91
955582,Наличен,-,21.73
954169,Изчерпан,-,54.20
954170,Наличен,-,57.78
954177,Наличен,-,78.23
954416,Наличен,-,44.99
955020,Наличен,-,35.28
953961,Наличен,-,39.88
954159,Наличен,-,55.22
954164,Наличен,-,68.00
954172,Наличен,-,81.81
954438,Наличен,-,86.92
954165,Наличен,-,94.59
954152,Изчерпан,-,129.36
954163,Наличен,-,101.24
953975,Наличен,-,94.59
955338,Наличен,-,101.75
953977,Наличен,-,40.39
954441,Изчерпан,-,42.44
954442,Наличен,-,47.55
954157,Наличен,-,38.86
954746,Наличен,-,42.44
954747,Наличен,-,52.15
954748,Наличен,-,60.33
954158,Наличен,-,62.38
954180,Изчерпан,-,33.23
953985,Наличен,-,37.32
954449,Наличен,-,39.88
954454,Наличен,-,58.80
954455,Наличен,-,59.31
954456,Наличен,-,65.45
954181,Наличен,-,62.89
954751,Наличен,-,79.25
954752,Изчерпан,-,80.78
954917,Наличен,-,93.06
954753,Наличен,-,93.06
954754,Наличен,-,100.21
955241,Наличен,-,120.15
955250,Наличен,-,100.21
954755,Наличен,-,125.27
953983,Изчерпан,-,30.17
955021,Наличен,-,88.45
954439,Наличен,-,100.21
955339,Наличен,-,99.70
955386,Наличен,-,129.36
955337,Наличен,-,54.20
954426,Изчерпан,-,60.33
956843,Наличен,-,84.87
956842,Наличен,-,80.78
956642,Изчерпан,-,89.48
956477,Изчерпан,-,89.48
956478,Наличен,-,85.39
956479,Наличен,-,85.39
956644,Наличен,-,97.15
956480,Наличен,-,101.24
940939,Наличен,-,7.82
940940,Наличен,-,8.13
940941,Наличен,-,8.95
954167,Изчерпан,-,79.25
954168,Изчерпан,-,91.52
953970,Наличен,-,69.02
953947,Наличен,-,43.46
953955,Наличен,-,28.12
953957,Изчерпан,-,33.23
954161,Наличен,-,44.99
953986,Изчерпан,-,42.44
954572,Изчерпан,-,44.99
953987,Наличен,-,48.57
954668,Изчерпан,-,69.54
953959,Наличен,-,180.49
954432,Наличен,-,70.56
955237,Изчерпан,-,110.44
954417,Изчерпан,-,27.10
953950,Изчерпан,-,28.12
954156,Изчерпан,-,32.21
954419,Изчерпан,-,43.46
953951,Изчерпан,-,37.32
100905,Наличен,-,4.81
920758,Изчерпан,-,4.81
100904,Наличен,-,4.81
949203,Наличен,-,10.74
949204,Наличен,-,10.99
949205,Наличен,-,10.99
938787,Наличен,-,4.86
938788,Наличен,-,8.18
945288,Наличен,-,1.33
930208,Наличен,-,1.12
930209,Наличен,-,1.18
930214,Наличен,-,1.43
947825,Наличен,-,10.89
947827,Наличен,-,10.99
943993,Наличен,-,0.77
943994,Наличен,-,0.77
943990,Наличен,-,0.66
943991,Наличен,-,0.66
943992,Наличен,-,0.82
934006,Наличен,-,5.11
934005,Наличен,-,4.81
930215,Наличен,-,1.12
930216,Наличен,-,1.43
949544,Наличен,-,1.43
933370,Наличен,-,1.43
949545,Наличен,-,1.43
920757,Наличен,-,5.88
100902,Наличен,-,9.66
937644,Наличен,-,5.57
937642,Наличен,-,5.57
937643,Изчерпан,-,5.93
932724,Наличен,-,123.07
937640,Наличен,-,7.77
937641,Изчерпан,-,8.18
948255,Наличен,-,63.91
946817,Изчерпан,-,69.02
942307,Наличен,-,26.59
941606,Изчерпан,-,39.37
930213,Наличен,-,17.64
935749,Наличен,-,18.15
933369,Наличен,-,25.97
948254,Наличен,-,48.57
948252,Наличен,-,40.90
948253,Наличен,-,43.46
947788,Наличен,-,32.21
947789,Наличен,-,33.23
947790,Наличен,-,34.77
947816,Наличен,-,18.56
947817,Наличен,-,19.33
947818,Наличен,-,21.22
947819,Наличен,-,21.88
947824,Изчерпан,-,57.83
947826,Наличен,-,57.83
946816,Изчерпан,-,58.80
945261,Наличен,-,33.39
945262,Наличен,-,35.59
945263,Наличен,-,36.35
944896,Наличен,-,25.56
944898,Наличен,-,27.30
944899,Наличен,-,28.02
945665,Изчерпан,-,78.23
944984,Изчерпан,-,82.83
960886,Наличен,-,34.77
960887,Наличен,-,36.81
960885,Наличен,-,33.23
942302,Наличен,-,8.13
942303,Наличен,-,8.79
940934,Наличен,-,14.47
940935,Наличен,-,15.59
940936,Наличен,-,17.13
940937,Наличен,-,21.93
936727,Наличен,-,38.55
936728,Наличен,-,40.80
935695,Наличен,-,81.55
935694,Наличен,-,26.69
933885,Наличен,-,9.61
932033,Наличен,-,4.55
930206,Наличен,-,10.23
930207,Наличен,-,10.99
930210,Наличен,-,11.50
930211,Наличен,-,13.04
930212,Наличен,-,14.06
947410,Изчерпан,-,109.93
940022,Изчерпан,-,89.99
940300,Изчерпан,-,84.36
942354,Наличен,-,174.86
961000,Наличен,-,73.11
962271,Наличен,-,76.18
960999,Наличен,-,84.36
958353,Наличен,-,35.28
958354,Наличен,-,41.93
958355,Наличен,-,35.28
959596,Наличен,-,41.93
958344,Наличен,-,65.45
958345,Наличен,-,70.56
958346,Наличен,-,74.14
958347,Наличен,-,52.15
958348,Изчерпан,-,60.33
953367,Наличен,-,15.59
953368,Изчерпан,-,18.66
953369,Наличен,-,19.68
953370,Наличен,-,20.20
948159,Наличен,-,45.50
948160,Наличен,-,47.04
952109,Изчерпан,-,6.44
952110,Наличен,-,6.44
952111,Наличен,-,6.44
952112,Наличен,-,6.44
952113,Изчерпан,-,6.44
952114,Изчерпан,-,6.44
952115,Наличен,-,19.43
952116,Наличен,-,19.43
952117,Наличен,-,19.43
952118,Наличен,-,19.43
952119,Наличен,-,19.43
952120,Наличен,-,19.43
949042,Наличен,-,14.27
949599,Наличен,-,20.25
942091,Наличен,-,20.20
944541,Наличен,-,20.20
942090,Наличен,-,19.89
941573,Наличен,-,20.40
946966,Наличен,-,19.68
944779,Наличен,-,19.68
951292,Наличен,-,9.46
946965,Наличен,-,7.11
946274,Наличен,-,7.98
940074,Наличен,-,3.48
940075,Наличен,-,3.73
940356,Изчерпан,-,4.19
940562,Наличен,-,10.69
940563,Наличен,-,10.89
940560,Наличен,-,22.91
940561,Наличен,-,22.91
940558,Наличен,-,11.40
940559,Наличен,-,11.35
944776,Наличен,-,11.50
940556,Наличен,-,13.96
940557,Наличен,-,14.27
940552,Наличен,-,15.44
940553,Наличен,-,15.44
937434,Изчерпан,-,9.87
937435,Изчерпан,-,10.94
937436,Изчерпан,-,11.66
952138,Изчерпан,-,31.70
952139,Наличен,-,31.70
952140,Наличен,-,31.70
952141,Наличен,-,31.70
952142,Наличен,-,33.75
952143,Наличен,-,33.75
952144,Наличен,-,40.65
952407,Наличен,-,29.40
952131,Наличен,-,29.40
952408,Наличен,-,29.40
952132,Наличен,-,31.70
952409,Наличен,-,31.70
951615,Наличен,-,38.35
952133,Наличен,-,39.88
952134,Наличен,-,43.46
952135,Наличен,-,51.13
952136,Наличен,-,52.66
956003,Наличен,-,58.80
952137,Наличен,-,63.14
956004,Наличен,-,76.18
951610,Наличен,-,13.04
951611,Наличен,-,13.04
951612,Наличен,-,15.08
951613,Наличен,-,15.08
951614,Наличен,-,17.64
956001,Наличен,-,20.45
956002,Наличен,-,20.45
952129,Наличен,-,20.45
952130,Наличен,-,20.71
951601,Изчерпан,-,20.71
951602,Наличен,-,20.71
956393,Изчерпан,-,20.71
951603,Наличен,-,20.71
951604,Наличен,-,23.52
951605,Наличен,-,23.52
951606,Изчерпан,-,29.40
951607,Наличен,-,30.42
951608,Наличен,-,41.67
951609,Наличен,-,49.60
944081,Изчерпан,-,9.66
944082,Изчерпан,-,9.66
944083,Изчерпан,-,9.66
946863,Изчерпан,-,8.95
946864,Изчерпан,-,8.95
946220,Наличен,-,9.31
946950,Наличен,-,7.87
946951,Наличен,-,8.08
946952,Наличен,-,9.31
946953,Наличен,-,10.58
946954,Наличен,-,11.15
946955,Наличен,-,15.24
946956,Изчерпан,-,16.11
946957,Изчерпан,-,16.82
946958,Изчерпан,-,16.82
946959,Наличен,-,16.82
946960,Изчерпан,-,16.82
946961,Изчерпан,-,16.82
946962,Изчерпан,-,16.82
937438,Наличен,-,8.18
937439,Изчерпан,-,8.74
937440,Изчерпан,-,5.88
937441,Изчерпан,-,7.87
937442,Изчерпан,-,7.36
937443,Изчерпан,-,7.21
946859,Изчерпан,-,7.82
937444,Изчерпан,-,9.15
944027,Наличен,-,9.15
944013,Изчерпан,-,12.02
944014,Изчерпан,-,8.95
946945,Изчерпан,-,11.61
946946,Изчерпан,-,12.58
946947,Изчерпан,-,13.09
946948,Изчерпан,-,15.75
946949,Изчерпан,-,17.90
362446,Наличен,-,4.35
362409,Наличен,-,4.35
362410,Наличен,-,4.35
362411,Наличен,-,5.11
362412,Наличен,-,5.11
362413,Наличен,-,6.39
362414,Наличен,-,7.41
362415,Наличен,-,8.18
929350,Наличен,-,10.12
947327,Наличен,-,12.22
944905,Наличен,-,2.51
944906,Наличен,-,2.51
944907,Наличен,-,2.51
944908,Наличен,-,2.66
944909,Наличен,-,2.66
944910,Наличен,-,3.83
944911,Наличен,-,4.60
944912,Наличен,-,5.11
944913,Наличен,-,5.88
362485,Наличен,-,1.35
362486,Наличен,-,1.35
362487,Наличен,-,1.35
362488,Наличен,-,1.43
362489,Наличен,-,1.43
920746,Наличен,-,2.20
920747,Наличен,-,2.66
920748,Изчерпан,-,3.02
944904,Наличен,-,3.58
947328,Наличен,-,4.35
936307,Наличен,-,9.10
936308,Наличен,-,12.17
936309,Наличен,-,15.08
936310,Наличен,-,19.89
936311,Наличен,-,21.47
936312,Наличен,-,29.09
931112,Наличен,-,2.45
931113,Наличен,-,2.45
931114,Наличен,-,2.86
931115,Наличен,-,2.86
931116,Наличен,-,3.48
931117,Наличен,-,4.09
931118,Наличен,-,5.37
937388,Наличен,-,6.03
937389,Наличен,-,7.16
937390,Наличен,-,8.44
946731,Наличен,-,9.15
946732,Наличен,-,9.71
931105,Наличен,-,6.14
931106,Наличен,-,6.60
931107,Наличен,-,7.16
931108,Наличен,-,8.18
931109,Наличен,-,9.46
931110,Наличен,-,11.50
931111,Наличен,-,14.83
937385,Наличен,-,16.11
937386,Наличен,-,19.17
937387,Наличен,-,21.73
946729,Наличен,-,23.52
946730,Наличен,-,26.59
928254,Наличен,-,12.53
928255,Наличен,-,12.53
928256,Наличен,-,12.53
928258,Наличен,-,13.04
928260,Наличен,-,14.73
928262,Изчерпан,-,19.68
928263,Наличен,-,31.70
928264,Наличен,-,38.09
928257,Наличен,-,12.53
928259,Наличен,-,14.06
928631,Наличен,-,5.88
928632,Наличен,-,7.57
928633,Наличен,-,9.10
928634,Наличен,-,11.15
928635,Наличен,-,11.71
928459,Наличен,-,4.35
928460,Наличен,-,4.35
928461,Наличен,-,4.35
928462,Наличен,-,4.35
928463,Наличен,-,4.50
928464,Наличен,-,4.86
928465,Наличен,-,5.01
928466,Наличен,-,5.37
928467,Наличен,-,6.44
928468,Наличен,-,10.74
928469,Наличен,-,12.17
951152,Изчерпан,-,15.08
951153,Наличен,-,15.08
951154,Наличен,-,15.08
951155,Наличен,-,15.08
951156,Наличен,-,15.08
951146,Наличен,-,22.24
951147,Наличен,-,22.24
951148,Наличен,-,22.24
951149,Наличен,-,22.24
951150,Изчерпан,-,22.24
951151,Наличен,-,22.24
950403,Наличен,-,60.84
360938,Наличен,-,3.32
950183,Наличен,-,50.62
950184,Наличен,-,50.62
950185,Наличен,-,50.62
950186,Наличен,-,50.62
360947,Наличен,-,5.11
360997,Наличен,-,2.05
360472,Наличен,-,2.05
360473,Наличен,-,2.05
360474,Наличен,-,2.05
360475,Наличен,-,2.05
360476,Наличен,-,2.05
360477,Наличен,-,2.05
360478,Наличен,-,2.05
360956,Наличен,-,4.60
360957,Наличен,-,4.60
360958,Наличен,-,5.11
360959,Наличен,-,5.11
360960,Наличен,-,5.11
360961,Наличен,-,5.11
360962,Наличен,-,5.11
360963,Наличен,-,5.11
360964,Наличен,-,5.88
360965,Наличен,-,5.88
947056,Изчерпан,-,9.71
947057,Изчерпан,-,9.71
947058,Изчерпан,-,9.71
947025,Наличен,-,18.41
947026,Наличен,-,18.41
947027,Наличен,-,18.41
947031,Наличен,-,17.13
947032,Наличен,-,17.13
947033,Наличен,-,17.13
947028,Наличен,-,18.41
947029,Наличен,-,18.41
947030,Наличен,-,18.41
949760,Наличен,-,19.02
940291,Наличен,-,89.99
942511,Наличен,-,34.97
946036,Наличен,-,23.52
938150,Наличен,-,23.52
938151,Наличен,-,23.52
938152,Наличен,-,23.52
938153,Наличен,-,23.52
946037,Наличен,-,46.02
946034,Изчерпан,-,46.02
946035,Наличен,-,46.02
941130,Наличен,-,46.02
938154,Наличен,-,46.02
938155,Наличен,-,46.02
938156,Наличен,-,46.02
931100,Изчерпан,-,25.56
931101,Наличен,-,25.56
931102,Наличен,-,23.52
934197,Наличен,-,23.52
931103,Наличен,-,23.52
938147,Наличен,-,23.52
931104,Наличен,-,23.52
934198,Наличен,-,23.52
947329,Наличен,-,23.52
947330,Наличен,-,23.52
947331,Наличен,-,23.52
955634,Наличен,-,12.27
930705,Наличен,-,12.27
930706,Наличен,-,13.80
930707,Наличен,-,15.08
930708,Наличен,-,18.15
930709,Наличен,-,8.44
930710,Наличен,-,9.20
930711,Изчерпан,-,9.97
936323,Изчерпан,-,10.99
930712,Изчерпан,-,11.76
930713,Изчерпан,-,14.06
956589,Наличен,-,7.66
945216,Наличен,-,7.66
945217,Наличен,-,7.66
945218,Наличен,-,7.66
945219,Наличен,-,7.66
945220,Наличен,-,7.66
945221,Наличен,-,7.66
945222,Наличен,-,7.66
945223,Наличен,-,7.66
934105,Наличен,-,15.03
934106,Наличен,-,15.03
934107,Наличен,-,15.03
942398,Наличен,-,21.47
942399,Наличен,-,21.47
942400,Наличен,-,19.43
942401,Наличен,-,17.90
942402,Наличен,-,15.80
942403,Наличен,-,15.80
942404,Наличен,-,15.80
942405,Наличен,-,15.80
942406,Наличен,-,15.80
942407,Наличен,-,15.80
943729,Наличен,-,26.59
943730,Наличен,-,26.59
943731,Наличен,-,26.59
943732,Наличен,-,26.59
943733,Наличен,-,26.59
951264,Наличен,-,108.39
950715,Изчерпан,-,70.56
375161,Изчерпан,-,29.65
375158,Изчерпан,-,29.65
377909,Изчерпан,-,29.65
375180,Изчерпан,-,29.65
937303,Изчерпан,-,58.80
956049,Наличен,-,53.69
954068,Изчерпан,-,17.13
954065,Наличен,-,21.47
949207,Наличен,-,53.69
951258,Наличен,-,66.47
925622,Изчерпан,-,4.60
925623,Изчерпан,-,4.60
928387,Наличен,-,6.95
923342,Наличен,-,2.45
925107,Наличен,-,7.16
374420,Изчерпан,-,1.79
374421,Изчерпан,-,1.94
376941,Наличен,-,1.79
374179,Наличен,-,0.92
374180,Изчерпан,-,0.97
374182,Наличен,-,1.18
374183,Наличен,-,1.18
374457,Наличен,-,1.94
374419,Изчерпан,-,2.15
374437,Наличен,-,6.29
374185,Наличен,-,5.37
374130,Наличен,-,6.29
372108,Изчерпан,-,2.20
920461,Наличен,-,2.30
920462,Наличен,-,2.86
376017,Наличен,-,2.05
920347,Наличен,-,6.14
920348,Наличен,-,6.54
374456,Наличен,-,9.31
921152,Наличен,-,42.44
376908,Наличен,-,13.09
376006,Наличен,-,14.06
932566,Наличен,-,5.57
945546,Наличен,-,7.62
944748,Наличен,-,1.84
944747,Наличен,-,1.84
944742,Изчерпан,-,1.53
944741,Изчерпан,-,1.79
944743,Наличен,-,5.06
944744,Наличен,-,3.58
951291,Наличен,-,12.53
950536,Изчерпан,-,89.99
931018,Наличен,-,18.56
949585,Наличен,-,51.13
927659,Изчерпан,-,10.74
926784,Наличен,-,2.15
922683,Наличен,-,2.10
922685,Наличен,-,5.22
930740,Наличен,-,5.11
921538,Изчерпан,-,5.06
940000,Наличен,-,16.51
940001,Наличен,-,18.51
944895,Изчерпан,-,1.99
944892,Наличен,-,16.00
949783,Наличен,-,16.00
929767,Наличен,-,0.97
929768,Наличен,-,0.97
929769,Наличен,-,0.97
931487,Наличен,-,1.99
931488,Наличен,-,2.15
931489,Наличен,-,2.20
931490,Наличен,-,2.20
938400,Наличен,-,2.30
936135,Наличен,-,2.66
936136,Наличен,-,2.66
931709,Наличен,-,8.08
376940,Наличен,-,1.12
920871,Наличен,-,1.33
920872,Наличен,-,2.15
374477,Изчерпан,-,0.92
374436,Изчерпан,-,0.97
374145,Наличен,-,1.12
374146,Наличен,-,0.92
374147,Наличен,-,0.97
374148,Наличен,-,0.97
374149,Наличен,-,1.12
372558,Наличен,-,1.51
372559,Наличен,-,1.51
372560,Наличен,-,1.51
372561,Наличен,-,1.51
372562,Наличен,-,1.51
372563,Наличен,-,1.51
372595,Изчерпан,-,1.51
372589,Изчерпан,-,1.51
936373,Наличен,-,20.40
936374,Наличен,-,22.24
936375,Наличен,-,23.78
936376,Наличен,-,19.58
936377,Наличен,-,21.12
936378,Наличен,-,22.24
952215,Наличен,-,1.43
937600,Наличен,-,0.61
940400,Наличен,-,3.02
940854,Наличен,-,4.35
940849,Наличен,-,4.35
943930,Наличен,-,4.50
940862,Наличен,-,2.86
940861,Наличен,-,2.86
940850,Наличен,-,5.52
940847,Наличен,-,5.52
940852,Изчерпан,-,5.47
948659,Наличен,-,0.77
936673,Наличен,-,0.77
942772,Наличен,-,2.45
942773,Наличен,-,2.45
942774,Наличен,-,2.45
942775,Наличен,-,2.45
942768,Наличен,-,1.64
942770,Наличен,-,2.15
942760,Наличен,-,1.28
942761,Изчерпан,-,1.48
942762,Наличен,-,1.84
942763,Изчерпан,-,2.15
942766,Наличен,-,1.79
942767,Наличен,-,2.15
942754,Наличен,-,1.28
940289,Наличен,-,0.82
940290,Наличен,-,0.92
944751,Наличен,-,4.91
944752,Наличен,-,5.22
944753,Наличен,-,5.57
948976,Наличен,-,1.64
948977,Изчерпан,-,0.97
948978,Изчерпан,-,1.12
948979,Наличен,-,1.28
949947,Наличен,-,3.37
949948,Наличен,-,3.37
949949,Наличен,-,3.37
949950,Наличен,-,3.37
950360,Наличен,-,3.06
950361,Изчерпан,-,3.06
950488,Наличен,-,3.06
929715,Изчерпан,-,2.45
929716,Наличен,-,2.66
921357,Наличен,-,4.40
921358,Наличен,-,3.99
921359,Наличен,-,3.99
921360,Наличен,-,4.70
921361,Наличен,-,4.86
943529,Наличен,-,3.99
944162,Наличен,-,9.92
945545,Изчерпан,-,6.90
946275,Наличен,-,12.02
946277,Наличен,-,12.02
946276,Наличен,-,5.98
946278,Изчерпан,-,7.00
954041,Наличен,-,9.51
949138,Изчерпан,-,5.88
949581,Наличен,-,9.82
949586,Наличен,-,43.46
949661,Наличен,-,16.62
949663,Наличен,-,10.38
923346,Наличен,-,0.77
925662,Наличен,-,0.77
925663,Изчерпан,-,0.77
925670,Изчерпан,-,0.82
925671,Наличен,-,0.77
374129,Наличен,-,1.12
374451,Наличен,-,1.12
374137,Наличен,-,0.77
374138,Наличен,-,0.92
374139,Наличен,-,0.82
300483,Наличен,-,1.48
921733,Наличен,-,1.48
949366,Наличен,-,1.48
371241,Наличен,-,1.48
371240,Наличен,-,1.48
374136,Наличен,-,0.97
376902,Наличен,-,1.33
374128,Наличен,-,0.66
370605,Изчерпан,-,0.41
370606,Наличен,-,0.41
370607,Наличен,-,0.41
370608,Наличен,-,0.41
370602,Наличен,-,0.41
370601,Наличен,-,0.41
370603,Наличен,-,0.41
932301,Наличен,-,2.30
932302,Наличен,-,2.45
932010,Наличен,-,0.61
932011,Наличен,-,0.61
932012,Наличен,-,0.61
939994,Наличен,-,4.50
940386,Наличен,-,5.01
940387,Наличен,-,5.01
950489,Наличен,-,2.20
942168,Наличен,-,2.20
949364,Наличен,-,2.20
949365,Наличен,-,2.20
943232,Изчерпан,-,1.94
943233,Изчерпан,-,1.94
942725,Наличен,-,0.51
942726,Наличен,-,0.51
942731,Изчерпан,-,0.51
942732,Наличен,-,0.51
942727,Наличен,-,0.61
942728,Наличен,-,0.77
942729,Наличен,-,0.82
942730,Наличен,-,0.97
942736,Наличен,-,0.82
944736,Наличен,-,1.48
944737,Наличен,-,1.48
946798,Наличен,-,0.61
949367,Наличен,-,2.30
949369,Наличен,-,9.10
949370,Наличен,-,2.45
949371,Наличен,-,2.45
940488,Наличен,-,3.68
940517,Наличен,-,5.27
925637,Наличен,-,1.48
374434,Наличен,-,2.81
374435,Наличен,-,1.64
925636,Наличен,-,2.45
374447,Наличен,-,2.45
374187,Наличен,-,1.84
926492,Наличен,-,4.86
374132,Наличен,-,1.43
374107,Изчерпан,-,2.81
374432,Наличен,-,0.77
374106,Наличен,-,0.77
374133,Изчерпан,-,1.43
374450,Наличен,-,2.45
374449,Наличен,-,2.45
374433,Наличен,-,2.81
374443,Изчерпан,-,1.12
374134,Изчерпан,-,5.11
374453,Наличен,-,3.32
935270,Наличен,-,2.86
935271,Наличен,-,3.37
936670,Наличен,-,3.37
939993,Изчерпан,-,3.99
939983,Наличен,-,6.65
941768,Изчерпан,-,3.99
942733,Наличен,-,5.57
940846,Наличен,-,18.51
944739,Изчерпан,-,1.94
940507,Наличен,-,4.70
940509,Наличен,-,7.62
940482,Наличен,-,4.24
940496,Наличен,-,5.37
940508,Наличен,-,5.52
944943,Наличен,-,7.41
949590,Наличен,-,8.49
949396,Наличен,-,12.02
939985,Наличен,-,14.06
926159,Наличен,-,1.28
926160,Наличен,-,1.28
925644,Наличен,-,0.66
925645,Наличен,-,0.66
925647,Наличен,-,0.66
925648,Наличен,-,0.97
925652,Наличен,-,0.97
925653,Изчерпан,-,0.66
942745,Изчерпан,-,0.92
925654,Наличен,-,0.97
925655,Изчерпан,-,1.02
925656,Наличен,-,2.45
925657,Наличен,-,0.61
925658,Изчерпан,-,1.12
925659,Наличен,-,1.69
929589,Наличен,-,1.33
374412,Наличен,-,3.32
374413,Изчерпан,-,3.32
925105,Наличен,-,2.20
374120,Наличен,-,0.77
374446,Наличен,-,1.28
374122,Наличен,-,0.92
374440,Наличен,-,0.92
374469,Наличен,-,1.12
920866,Наличен,-,1.02
920875,Наличен,-,0.97
372574,Изчерпан,-,0.66
372556,Наличен,-,0.87
372557,Наличен,-,0.87
923341,Наличен,-,3.89
925106,Наличен,-,2.86
376921,Наличен,-,0.97
374417,Наличен,-,0.97
376909,Наличен,-,0.92
925649,Наличен,-,0.77
934605,Наличен,-,0.97
925650,Наличен,-,0.92
932303,Изчерпан,-,2.20
932305,Наличен,-,2.30
932306,Наличен,-,2.10
932307,Наличен,-,2.20
933912,Наличен,-,6.29
938861,Наличен,-,4.91
949952,Наличен,-,5.01
958483,Наличен,-,5.01
940002,Наличен,-,5.01
958480,Изчерпан,-,5.01
929727,Наличен,-,1.12
942235,Наличен,-,0.82
942234,Наличен,-,2.10
942237,Наличен,-,1.48
942233,Наличен,-,1.02
943461,Наличен,-,3.53
943460,Наличен,-,3.99
943462,Наличен,-,3.48
944160,Наличен,-,13.29
942735,Наличен,-,0.92
942737,Наличен,-,0.77
942738,Наличен,-,0.97
942739,Изчерпан,-,1.12
942740,Наличен,-,0.97
942742,Наличен,-,1.28
942743,Изчерпан,-,1.33
942741,Наличен,-,0.77
942750,Наличен,-,0.92
942746,Изчерпан,-,1.02
942747,Наличен,-,1.02
942744,Наличен,-,1.33
958491,Наличен,-,7.06
942748,Наличен,-,2.45
947127,Изчерпан,-,12.22
949592,Наличен,-,4.24
949591,Наличен,-,10.33
940512,Наличен,-,5.57
949767,Наличен,-,5.01
958481,Наличен,-,5.01
949522,Наличен,-,6.03
949521,Наличен,-,6.03
949583,Наличен,-,3.48
939981,Наличен,-,5.01
939984,Наличен,-,4.91
940903,Наличен,-,4.35
944774,Наличен,-,4.35
948055,Наличен,-,3.99
942098,Наличен,-,5.22
949595,Наличен,-,2.86
946765,Наличен,-,13.60
946766,Наличен,-,10.38
949726,Наличен,-,5.01
951181,Наличен,-,4.50
951182,Наличен,-,5.73
951183,Наличен,-,5.11
951184,Наличен,-,5.42
945874,Наличен,-,13.96
923351,Изчерпан,-,1.84
923355,Наличен,-,3.58
923356,Наличен,-,3.37
921534,Наличен,-,2.15
376928,Наличен,-,2.15
920873,Наличен,-,2.15
376931,Наличен,-,2.15
923347,Наличен,-,1.48
920867,Наличен,-,2.45
920868,Наличен,-,2.45
376933,Изчерпан,-,2.45
376934,Изчерпан,-,2.45
925669,Изчерпан,-,2.35
376935,Наличен,-,2.45
924512,Изчерпан,-,0.87
924517,Наличен,-,0.87
924516,Наличен,-,0.87
929351,Наличен,-,0.87
929352,Наличен,-,0.87
934610,Наличен,-,1.64
954221,Изчерпан,-,5.88
954222,Изчерпан,-,5.88
954223,Наличен,-,5.88
954224,Наличен,-,5.88
947136,Наличен,-,4.86
947137,Изчерпан,-,4.86
947138,Наличен,-,4.86
949582,Наличен,-,6.80
940484,Наличен,-,4.24
944944,Наличен,-,4.24
950225,Наличен,-,5.37
950400,Наличен,-,6.80
944945,Наличен,-,4.50
950398,Наличен,-,3.17
920459,Наличен,-,10.33
920460,Наличен,-,11.50
924897,Изчерпан,-,8.95
924898,Изчерпан,-,9.31
952440,Наличен,-,11.40
950147,Изчерпан,-,23.98
950227,Наличен,-,64.42
950402,Наличен,-,8.33
950690,Изчерпан,-,50.11
950691,Наличен,-,60.33
950750,Наличен,-,23.98
949823,Наличен,-,6.03
942713,Изчерпан,-,6.03
950875,Наличен,-,6.03
949769,Наличен,-,12.02
949770,Наличен,-,12.02
940294,Изчерпан,-,12.99
940062,Наличен,-,15.80
950871,Наличен,-,9.51
935084,Наличен,-,4.55
922211,Наличен,-,26.59
944154,Изчерпан,-,224.97
945873,Изчерпан,-,63.91
949917,Изчерпан,-,539.92
950482,Изчерпан,-,78.23
951016,Наличен,-,16.00
950692,Изчерпан,-,18.05
951017,Изчерпан,-,21.99
951811,Наличен,-,25.00
950401,Наличен,-,40.90
943931,Наличен,-,28.99
943925,Наличен,-,30.98
951015,Наличен,-,35.28
949924,Изчерпан,-,19.02
944659,Изчерпан,-,23.98
374158,Наличен,-,4.55
922687,Наличен,-,3.32
932741,Изчерпан,-,8.39
932742,Изчерпан,-,8.39
932743,Изчерпан,-,8.39
932744,Наличен,-,3.73
932745,Наличен,-,3.73
932746,Наличен,-,3.73
932747,Наличен,-,3.73
932748,Наличен,-,1.94
932749,Наличен,-,1.94
932750,Наличен,-,1.94
941290,Изчерпан,-,12.07
941291,Наличен,-,12.22
941292,Изчерпан,-,11.81
941293,Изчерпан,-,11.81
941294,Изчерпан,-,16.31
941296,Изчерпан,-,16.31
941298,Наличен,-,16.31
941299,Изчерпан,-,78.74
944482,Изчерпан,-,13.45
946825,Изчерпан,-,14.88
949409,Изчерпан,-,7.41
949410,Изчерпан,-,7.41
949407,Изчерпан,-,7.41
949408,Наличен,-,7.41
949411,Наличен,-,34.77
949403,Наличен,-,8.95
949404,Наличен,-,8.95
949405,Изчерпан,-,8.95
949406,Наличен,-,8.95
951461,Наличен,-,8.95
932735,Наличен,-,7.77
932737,Наличен,-,5.57
932739,Наличен,-,10.38
932740,Изчерпан,-,11.86
937154,Наличен,-,19.33
940674,Изчерпан,-,144.70
939734,Наличен,-,10.02
939736,Изчерпан,-,10.12
939737,Наличен,-,6.60
939733,Наличен,-,75.67
945290,Изчерпан,-,95.10
939738,Наличен,-,7.06
939735,Наличен,-,74.14
945291,Изчерпан,-,87.94
942156,Изчерпан,-,840.05
943192,Изчерпан,-,36.81
944555,Изчерпан,-,78.23
947574,Наличен,-,360.46
947831,Наличен,-,449.94
947338,Изчерпан,-,77.87
949402,Наличен,-,109.93
950585,Наличен,-,72.60
950686,Наличен,-,72.60
950685,Изчерпан,-,285.30
950589,Наличен,-,355.35
949208,Наличен,-,72.60
949209,Наличен,-,91.01
949210,Наличен,-,71.07
943935,Наличен,-,55.22
952018,Изчерпан,-,55.22
943963,Наличен,-,55.22
943932,Наличен,-,55.22
943939,Наличен,-,55.22
943947,Наличен,-,55.22
943927,Наличен,-,239.80
943928,Наличен,-,185.09
949398,Наличен,-,23.98
949824,Изчерпан,-,20.04
949825,Наличен,-,20.04
949217,Изчерпан,-,20.04
942028,Наличен,-,20.04
949218,Наличен,-,20.04
949768,Наличен,-,20.04
950687,Изчерпан,-,20.04
940445,Наличен,-,430.51
954238,Изчерпан,-,459.65
942702,Наличен,-,210.65
950046,Изчерпан,-,30.17
960424,Наличен,-,7.62
960425,Наличен,-,7.62
960426,Наличен,-,8.64
960419,Наличен,-,9.51
960420,Наличен,-,4.86
960421,Наличен,-,4.86
960422,Наличен,-,6.60
933958,Наличен,-,84.87
957610,Наличен,-,118.62
956289,Изчерпан,-,121.18
940110,Изчерпан,-,62.38
941668,Наличен,-,111.46
946021,Наличен,-,68.00
946022,Наличен,-,106.86
946023,Наличен,-,113.51
946821,Наличен,-,82.83
955054,Наличен,-,63.91
951233,Наличен,-,196.85
951232,Наличен,-,189.18
951231,Наличен,-,127.31
951236,Наличен,-,114.02
961958,Наличен,-,91.52
940054,Наличен,-,91.52
951234,Наличен,-,127.82
946025,Изчерпан,-,28.12
949237,Наличен,-,190.20
947290,Наличен,-,44.99
942998,Наличен,-,23.01
943937,Наличен,-,80.78
947046,Изчерпан,-,40.39
947047,Наличен,-,23.01
943943,Наличен,-,65.45
943936,Наличен,-,40.39
956582,Изчерпан,-,48.57
929523,Наличен,-,20.04
938398,Наличен,-,5.27
929670,Наличен,-,36.81
929669,Наличен,-,69.54
942381,Наличен,-,70.56
943819,Наличен,-,125.27
942182,Наличен,-,104.81
946358,Изчерпан,-,109.93
951164,Наличен,-,780.23
944481,Изчерпан,-,371.20
947851,Наличен,-,154.41
949840,Наличен,-,456.07
261418,Наличен,-,15.75
261419,Наличен,-,11.71
261420,Наличен,-,14.06
261416,Наличен,-,9.66
261417,Наличен,-,9.97
942610,Изчерпан,-,144.18
943818,Наличен,-,174.86
944499,Наличен,-,1073.20
949786,Наличен,-,250.02
947016,Наличен,-,84.36
947017,Наличен,-,95.10
947411,Наличен,-,239.80
950168,Наличен,-,7.77
950167,Наличен,-,6.29
960242,Наличен,-,11.86
948097,Наличен,-,32.21
953400,Наличен,-,9.61
957852,Наличен,-,62.38
957856,Наличен,-,66.47
957853,Наличен,-,70.56
957854,Наличен,-,62.89
957858,Наличен,-,50.11
957851,Наличен,-,54.20
957857,Наличен,-,31.70
957850,Наличен,-,33.75
957861,Наличен,-,38.35
921326,Наличен,-,30.68
261319,Наличен,-,6.60
261302,Наличен,-,29.65
261303,Наличен,-,33.23
261342,Наличен,-,29.65
261343,Наличен,-,33.23
923334,Наличен,-,52.15
954954,Наличен,-,53.69
923335,Наличен,-,59.31
929834,Наличен,-,23.78
934893,Наличен,-,85.28
929278,Наличен,-,91.62
932661,Изчерпан,-,31.75
935314,Наличен,-,64.42
936730,Изчерпан,-,58.80
952694,Наличен,-,13.75
937917,Наличен,-,14.47
937918,Наличен,-,15.95
940391,Наличен,-,100.21
941976,Изчерпан,-,58.59
941441,Наличен,-,52.66
959195,Наличен,-,51.13
941143,Наличен,-,53.69
951022,Наличен,-,55.73
935315,Наличен,-,68.00
261331,Изчерпан,-,66.47
948100,Наличен,-,61.36
948101,Наличен,-,62.89
953609,Наличен,-,104.81
957790,Наличен,-,84.36
957791,Наличен,-,96.12
957893,Изчерпан,-,115.04
957890,Наличен,-,144.70
955681,Изчерпан,-,40.39
950390,Наличен,-,44.99
100918,Изчерпан,-,26.54
954953,Наличен,-,40.39
261314,Наличен,-,43.97
956386,Наличен,-,47.55
261315,Наличен,-,55.22
952695,Наличен,-,18.66
952696,Наличен,-,20.20
942584,Наличен,-,5.22
942583,Наличен,-,6.39
942582,Наличен,-,7.93
942581,Наличен,-,8.79
942580,Наличен,-,9.31
942170,Наличен,-,20.71
935862,Наличен,-,13.55
954952,Наличен,-,25.31
261313,Наличен,-,28.58
956387,Наличен,-,30.17
261327,Наличен,-,30.68
261322,Наличен,-,16.31
261306,Наличен,-,18.56
261308,Наличен,-,12.22
261310,Наличен,-,16.11
261320,Наличен,-,17.49
920328,Наличен,-,25.97
261328,Наличен,-,36.81
261329,Наличен,-,29.65
261330,Наличен,-,30.68
261333,Наличен,-,8.08
920329,Наличен,-,7.82
920312,Наличен,-,29.30
920326,Наличен,-,15.29
920327,Наличен,-,18.92
920316,Наличен,-,20.40
936639,Наличен,-,39.16
929847,Наличен,-,17.49
929838,Наличен,-,22.45
957988,Наличен,-,23.98
261311,Наличен,-,19.43
925488,Изчерпан,-,21.73
925487,Наличен,-,26.59
261326,Наличен,-,22.65
261325,Наличен,-,28.12
261324,Наличен,-,28.12
261332,Наличен,-,14.78
921356,Наличен,-,17.84
932968,Наличен,-,17.84
932969,Наличен,-,25.31
930494,Наличен,-,45.50
930495,Наличен,-,46.02
932660,Наличен,-,33.95
935196,Наличен,-,62.89
936163,Наличен,-,5.11
936164,Наличен,-,5.37
936165,Наличен,-,5.62
936163,Наличен,-,5.11
939607,Наличен,-,8.03
939608,Наличен,-,9.51
941610,Наличен,-,29.65
954029,Наличен,-,31.70
942838,Наличен,-,104.81
941614,Наличен,-,13.04
942439,Наличен,-,33.23
945544,Наличен,-,7.41
944507,Наличен,-,20.40
950965,Наличен,-,5.57
924899,Наличен,-,5.88
922380,Наличен,-,2.15
922381,Наличен,-,9.61
922383,Наличен,-,10.69
947936,Наличен,-,12.22
949236,Наличен,-,10.99
946431,Наличен,-,38.35
948060,Изчерпан,-,42.44
948200,Наличен,-,41.93
948201,Наличен,-,22.24
948202,Наличен,-,25.21
948203,Наличен,-,30.17
948204,Наличен,-,29.65
950042,Наличен,-,27.10
950357,Изчерпан,-,22.24
950358,Наличен,-,23.78
950954,Наличен,-,13.29
950878,Наличен,-,65.96
951021,Наличен,-,12.22
951251,Наличен,-,48.57
929844,Наличен,-,18.92
100927,Наличен,-,19.33
100928,Наличен,-,14.21
932273,Наличен,-,11.15
932274,Наличен,-,16.51
932256,Наличен,-,27.61
932257,Наличен,-,28.63
932275,Наличен,-,21.88
934015,Наличен,-,10.74
939031,Наличен,-,35.79
943193,Наличен,-,20.40
944293,Наличен,-,21.88
948369,Изчерпан,-,50.11
949399,Наличен,-,14.98
949780,Наличен,-,18.00
948126,Изчерпан,-,19.68
261335,Наличен,-,18.92
261338,Наличен,-,19.89
261341,Наличен,-,28.63
261339,Наличен,-,21.42
920313,Наличен,-,22.75
920310,Изчерпан,-,24.13
920311,Наличен,-,26.54
921325,Наличен,-,27.05
923336,Наличен,-,25.56
923337,Наличен,-,31.70
929848,Наличен,-,24.34
924353,Изчерпан,-,60.84
928805,Наличен,-,25.05
928807,Наличен,-,17.90
932002,Наличен,-,35.43
937919,Наличен,-,19.94
939090,Наличен,-,28.99
939091,Наличен,-,34.21
939053,Изчерпан,-,64.42
938316,Изчерпан,-,57.26
941211,Изчерпан,-,27.15
941318,Наличен,-,8.59
941316,Наличен,-,17.49
941320,Наличен,-,42.28
936729,Наличен,-,41.47
943950,Наличен,-,38.35
942438,Наличен,-,21.12
939612,Наличен,-,117.60
944231,Наличен,-,13.75
944232,Наличен,-,15.44
944508,Изчерпан,-,41.47
960793,Наличен,-,32.21
960803,Изчерпан,-,16.11
960774,Изчерпан,-,19.17
960959,Наличен,-,33.23
950484,Наличен,-,78.23
950486,Наличен,-,23.01
950487,Наличен,-,27.10
950546,Наличен,-,30.17
960800,Наличен,-,13.04
950590,Изчерпан,-,74.14
950749,Наличен,-,25.05
950553,Наличен,-,24.85
100907,Изчерпан,-,3.68
100908,Наличен,-,1.33
100909,Наличен,-,3.48
100911,Наличен,-,3.02
100912,Наличен,-,2.15
100920,Наличен,-,9.97
100921,Наличен,-,7.57
100924,Наличен,-,9.97
100929,Наличен,-,9.97
951385,Наличен,-,14.73
951384,Наличен,-,14.73
946379,Изчерпан,-,20.76
924606,Наличен,-,10.89
921166,Наличен,-,2.56
921134,Наличен,-,3.22
921133,Наличен,-,2.30
921135,Наличен,-,3.68
921136,Изчерпан,-,13.04
923344,Наличен,-,19.33
932279,Наличен,-,0.72
932282,Наличен,-,0.77
932283,Наличен,-,0.77
932284,Наличен,-,0.77
932280,Наличен,-,0.77
932285,Наличен,-,1.69
932288,Наличен,-,1.79
932289,Наличен,-,1.69
932294,Наличен,-,1.12
932272,Наличен,-,6.54
920602,Изчерпан,-,0.97
932177,Наличен,-,1.43
932178,Наличен,-,1.33
932179,Наличен,-,1.18
932180,Наличен,-,1.94
932181,Наличен,-,2.30
932183,Наличен,-,2.30
932184,Наличен,-,2.30
932185,Изчерпан,-,2.51
932187,Наличен,-,12.27
932188,Наличен,-,9.61
932190,Наличен,-,7.57
937168,Наличен,-,1.99
100910,Наличен,-,3.22
250701,Изчерпан,-,2.10
932125,Наличен,-,6.39
932124,Наличен,-,11.91
924603,Наличен,-,7.57
924604,Наличен,-,3.07
251630,Наличен,-,1.94
939729,Наличен,-,17.54
939730,Наличен,-,23.26
942019,Изчерпан,-,11.91
251634,Наличен,-,8.08
251628,Наличен,-,1.48
251625,Наличен,-,1.69
921158,Наличен,-,8.85
251629,Изчерпан,-,3.32
921157,Изчерпан,-,5.37
921159,Наличен,-,1.79
921161,Наличен,-,2.25
956444,Наличен,-,122.71
956446,Наличен,-,219.86
956447,Наличен,-,301.66
954248,Наличен,-,186.62
944977,Наличен,-,3.83
944978,Наличен,-,4.24
944979,Изчерпан,-,5.37
945768,Наличен,-,2.86
947175,Наличен,-,18.30
947049,Наличен,-,27.10
947398,Наличен,-,4.24
947397,Наличен,-,2.30
947822,Наличен,-,2.97
947821,Наличен,-,6.29
947820,Наличен,-,6.90
948598,Наличен,-,12.73
959385,Наличен,-,135.49
954247,Изчерпан,-,189.18
949235,Наличен,-,18.00
949459,Наличен,-,41.41
950080,Наличен,-,30.68
950081,Наличен,-,30.68
948408,Наличен,-,12.78
924602,Изчерпан,-,21.99
100917,Изчерпан,-,17.33
100923,Изчерпан,-,40.90
100925,Изчерпан,-,53.69
921154,Изчерпан,-,15.29
100916,Наличен,-,11.35
932263,Наличен,-,10.38
937949,Наличен,-,44.99
251616,Изчерпан,-,9.15
944361,Наличен,-,153.90
947823,Наличен,-,9.61
376016,Наличен,-,2.05
960384,Наличен,-,33.23
952021,Наличен,-,26.33
950984,Наличен,-,12.02
950985,Наличен,-,19.94
948390,Наличен,-,76.18
948385,Наличен,-,21.47
948386,Наличен,-,23.01
948383,Наличен,-,27.10
948384,Наличен,-,28.63
945351,Изчерпан,-,33.23
947012,Изчерпан,-,75.67
947013,Наличен,-,84.87
942434,Наличен,-,239.80
939713,Изчерпан,-,39.88
939712,Изчерпан,-,36.81
939710,Изчерпан,-,47.04
936156,Наличен,-,34.77
932565,Наличен,-,29.04
932560,Наличен,-,68.72
932561,Наличен,-,13.04
390603,Наличен,-,11.86
390604,Наличен,-,13.04
390605,Наличен,-,17.84
390606,Наличен,-,18.66
390615,Наличен,-,13.55
921966,Изчерпан,-,43.46
927160,Наличен,-,29.65
927159,Наличен,-,24.95
925625,Наличен,-,28.12
390613,Наличен,-,33.23
922214,Изчерпан,-,9.00
922215,Наличен,-,12.17
920339,Наличен,-,18.66
920340,Наличен,-,24.44
921151,Наличен,-,26.59
948395,Наличен,-,8.59
948396,Наличен,-,10.84
948393,Наличен,-,6.14
948394,Наличен,-,6.75
948391,Наличен,-,4.60
948392,Наличен,-,5.06
948398,Наличен,-,18.41
949239,Наличен,-,23.01
947578,Наличен,-,17.13
947579,Наличен,-,19.17
948381,Наличен,-,14.32
948382,Наличен,-,15.59
948379,Наличен,-,12.27
948380,Наличен,-,13.55
947404,Изчерпан,-,3.99
947405,Изчерпан,-,4.50
936157,Наличен,-,7.31
932175,Наличен,-,14.32
932564,Наличен,-,15.95
920464,Наличен,-,6.14
930238,Наличен,-,11.04
930239,Изчерпан,-,10.63
925628,Наличен,-,9.00
925626,Наличен,-,11.40
390612,Изчерпан,-,10.48
934250,Наличен,-,10.63
922220,Наличен,-,11.86
390607,Наличен,-,8.18
390618,Наличен,-,10.38
390619,Изчерпан,-,13.75
925810,Изчерпан,-,10.23
925811,Наличен,-,14.06
925812,Наличен,-,17.13
925813,Изчерпан,-,13.04
925814,Наличен,-,15.95
945099,Наличен,-,5.11
928236,Наличен,-,17.49
945878,Наличен,-,20.76
929981,Наличен,-,18.92
929982,Наличен,-,24.13
938302,Наличен,-,10.99
925630,Наличен,-,5.57
948313,Наличен,-,20.76
948706,Наличен,-,10.23
927023,Изчерпан,-,9.82
932311,Наличен,-,3.17
936120,Наличен,-,4.35
936121,Наличен,-,4.35
936122,Наличен,-,3.99
947350,Изчерпан,-,2.45
947351,Наличен,-,3.48
949775,Наличен,-,31.70
950043,Наличен,-,28.12
920335,Изчерпан,-,31.90
920336,Наличен,-,36.81
922996,Наличен,-,21.22
922997,Наличен,-,17.90
381511,Наличен,-,6.95
381512,Наличен,-,8.95
381513,Наличен,-,11.04
927298,Наличен,-,23.31
927299,Наличен,-,26.59
927300,Наличен,-,22.91
927301,Наличен,-,29.65
261409,Наличен,-,5.88
261410,Наличен,-,6.24
261411,Наличен,-,7.11
261412,Наличен,-,7.41
261413,Наличен,-,8.59
933201,Наличен,-,10.23
944992,Изчерпан,-,3.99
950387,Наличен,-,7.57
950388,Наличен,-,5.78
961608,Наличен,-,8.85
947085,Наличен,-,7.72
945926,Наличен,-,6.39
945916,Наличен,-,7.46
945944,Наличен,-,3.17
945945,Наличен,-,3.83
945946,Наличен,-,4.35
945947,Наличен,-,4.35
945948,Наличен,-,5.37
945949,Наличен,-,5.57
945950,Наличен,-,3.83
945951,Наличен,-,4.35
946805,Наличен,-,2.97
946806,Наличен,-,3.07
946807,Наличен,-,3.22
946808,Наличен,-,3.37
946809,Наличен,-,3.58
946810,Наличен,-,3.83
946811,Наличен,-,3.99
945908,Наличен,-,4.60
945909,Наличен,-,5.88
945910,Наличен,-,6.90
945911,Наличен,-,7.67
945912,Наличен,-,5.27
945914,Наличен,-,6.29
945894,Наличен,-,10.48
958444,Наличен,-,2.97
956851,Наличен,-,3.22
945789,Наличен,-,4.24
945790,Наличен,-,4.86
945791,Наличен,-,6.14
945792,Наличен,-,7.16
945793,Наличен,-,4.50
945794,Наличен,-,5.22
945795,Наличен,-,5.37
945796,Наличен,-,7.26
941131,Изчерпан,-,1.02
941132,Изчерпан,-,1.02
941133,Изчерпан,-,1.02
941134,Изчерпан,-,1.02
941135,Изчерпан,-,1.02
941136,Изчерпан,-,1.02
941137,Изчерпан,-,1.02
941138,Наличен,-,1.02
941139,Наличен,-,1.02
941140,Наличен,-,1.02
941490,Наличен,-,3.53
941491,Наличен,-,4.19
937065,Изчерпан,-,3.32
943600,Изчерпан,-,3.83
943601,Изчерпан,-,4.35
937066,Изчерпан,-,4.70
937067,Изчерпан,-,5.62
937068,Наличен,-,6.08
937069,Наличен,-,6.54
937070,Наличен,-,7.93
937071,Наличен,-,8.85
937072,Наличен,-,10.12
937058,Наличен,-,5.52
937059,Изчерпан,-,6.24
937060,Наличен,-,7.06
937061,Наличен,-,7.77
937062,Наличен,-,8.59
937063,Наличен,-,9.31
937064,Наличен,-,9.97
937051,Изчерпан,-,5.52
937052,Изчерпан,-,6.24
937053,Изчерпан,-,7.06
937054,Изчерпан,-,7.77
937055,Изчерпан,-,8.59
937056,Изчерпан,-,9.31
937057,Изчерпан,-,9.97
937047,Наличен,-,5.52
937048,Изчерпан,-,6.24
937049,Наличен,-,7.06
937050,Наличен,-,7.77
937023,Наличен,-,5.73
937024,Наличен,-,7.26
937025,Наличен,-,8.44
937026,Наличен,-,11.20
940435,Наличен,-,3.83
940436,Наличен,-,5.52
940437,Наличен,-,7.26
940438,Наличен,-,6.14
940439,Изчерпан,-,7.26
937019,Изчерпан,-,4.86
937020,Изчерпан,-,6.08
937021,Наличен,-,7.26
937022,Наличен,-,9.61
954352,Наличен,-,2.45
954353,Изчерпан,-,2.66
954354,Наличен,-,2.97
954355,Наличен,-,3.17
937010,Наличен,-,2.97
937011,Наличен,-,4.35
937012,Наличен,-,5.73
937013,Наличен,-,7.11
937014,Наличен,-,8.44
937000,Наличен,-,5.52
937001,Наличен,-,7.26
937002,Наличен,-,8.95
937003,Наличен,-,7.26
937004,Изчерпан,-,4.86
937073,Изчерпан,-,6.08
937074,Изчерпан,-,7.26
937075,Изчерпан,-,9.61
922883,Наличен,-,2.15
935956,Наличен,-,2.15
928303,Наличен,-,2.15
935611,Наличен,-,2.15
935612,Наличен,-,2.15
928301,Наличен,-,2.15
928302,Наличен,-,2.15
937262,Наличен,-,8.85
935145,Наличен,-,10.48
935146,Наличен,-,10.48
935147,Наличен,-,12.53
935171,Наличен,-,2.81
935172,Наличен,-,2.81
935173,Наличен,-,2.81
935134,Наличен,-,2.81
935133,Наличен,-,2.81
935132,Наличен,-,2.81
935131,Наличен,-,2.81
942682,Наличен,-,2.81
935130,Наличен,-,2.81
935129,Наличен,-,2.81
935128,Наличен,-,2.81
935127,Наличен,-,2.81
935126,Наличен,-,3.02
942683,Наличен,-,3.02
942684,Наличен,-,3.02
935266,Наличен,-,3.17
935125,Наличен,-,3.17
935267,Наличен,-,3.17
935124,Наличен,-,3.17
935123,Наличен,-,3.17
935122,Изчерпан,-,3.17
935121,Наличен,-,3.17
935120,Наличен,-,3.17
935119,Наличен,-,3.17
935118,Наличен,-,3.48
942681,Наличен,-,3.48
935117,Наличен,-,3.48
935116,Наличен,-,3.48
934829,Наличен,-,0.41
934830,Изчерпан,-,0.77
934831,Наличен,-,1.33
934832,Наличен,-,2.15
375138,Наличен,-,9.10
374498,Наличен,-,1.69
374499,Наличен,-,1.69
948947,Изчерпан,-,0.51
948949,Изчерпан,-,0.51
948950,Изчерпан,-,0.51
948948,Изчерпан,-,0.51
921077,Наличен,-,2.05
921078,Наличен,-,2.05
921076,Наличен,-,2.05
921079,Наличен,-,2.05
921080,Наличен,-,2.05
927946,Изчерпан,-,2.05
927947,Наличен,-,2.05
921069,Изчерпан,-,3.32
921071,Изчерпан,-,5.37
921072,Наличен,-,7.16
955278,Наличен,-,7.11
955279,Наличен,-,7.11
955280,Наличен,-,7.11
947343,Изчерпан,-,16.11
940833,Наличен,-,17.49
939477,Наличен,-,2.97
925114,Наличен,-,2.81
926166,Наличен,-,2.81
926167,Наличен,-,2.20
925117,Наличен,-,1.79
926161,Наличен,-,3.58
926476,Наличен,-,3.22
926162,Наличен,-,3.02
926163,Наличен,-,3.02
926164,Наличен,-,3.02
926165,Наличен,-,3.02
921541,Наличен,-,6.54
921540,Изчерпан,-,5.06
301113,Наличен,-,2.15
301112,Наличен,-,1.94
926581,Наличен,-,9.31
926580,Наличен,-,8.44
926579,Наличен,-,7.82
926578,Наличен,-,11.50
922668,Наличен,-,7.41
921736,Наличен,-,14.78
921737,Наличен,-,14.78
921735,Наличен,-,10.99
942013,Наличен,-,9.00
939035,Наличен,-,25.05
928749,Наличен,-,6.08
952669,Изчерпан,-,7.82
943742,Изчерпан,-,5.37
943743,Изчерпан,-,5.68
943905,Наличен,-,13.96
944131,Наличен,-,17.90
939030,Наличен,-,24.70
924421,Изчерпан,-,7.41
935809,Наличен,-,8.85
932000,Наличен,-,15.29
925769,Наличен,-,9.15
920745,Наличен,-,17.33
928750,Наличен,-,1.33
371201,Наличен,-,5.88
371242,Наличен,-,1.64
921367,Наличен,-,5.22
920771,Наличен,-,5.22
922667,Наличен,-,2.71
374189,Наличен,-,0.66
374190,Наличен,-,0.66
370609,Наличен,-,0.61
370610,Наличен,-,0.41
374103,Изчерпан,-,0.66
370611,Наличен,-,0.97
374812,Наличен,-,1.94
374105,Наличен,-,0.82
931460,Наличен,-,29.65
374422,Изчерпан,-,5.52
376919,Наличен,-,6.14
920350,Наличен,-,33.23
920773,Наличен,-,7.57
929818,Наличен,-,7.16
946866,Наличен,-,21.42
944989,Изчерпан,-,13.19
371701,Наличен,-,8.18
945522,Наличен,-,48.57
948352,Наличен,-,14.16
922379,Наличен,-,3.99
925624,Наличен,-,5.42
949815,Изчерпан,-,16.36
949816,Наличен,-,20.45
950199,Наличен,-,12.88
950697,Наличен,-,28.12
950596,Наличен,-,7.06
932948,Наличен,-,6.44
929590,Наличен,-,17.18
375198,Изчерпан,-,2.05
370623,Наличен,-,3.32
928751,Наличен,-,3.22
374461,Наличен,-,4.50
374472,Наличен,-,9.31
374473,Наличен,-,9.31
374439,Наличен,-,9.31
374173,Наличен,-,7.77
374465,Наличен,-,2.15
925759,Наличен,-,4.70
924344,Наличен,-,28.12
924345,Наличен,-,34.77
925045,Изчерпан,-,14.32
924346,Наличен,-,16.36
948020,Наличен,-,16.82
925049,Наличен,-,5.37
929504,Наличен,-,11.35
924348,Наличен,-,34.77
961009,Изчерпан,-,25.16
932036,Наличен,-,60.84
926495,Наличен,-,20.71
932554,Наличен,-,18.82
936492,Наличен,-,18.30
936494,Наличен,-,29.91
937391,Наличен,-,70.15
937393,Наличен,-,42.23
937394,Изчерпан,-,35.79
937399,Наличен,-,8.59
937395,Наличен,-,30.06
937396,Наличен,-,30.06
937603,Наличен,-,6.54
938318,Наличен,-,9.97
943903,Наличен,-,38.35
939039,Наличен,-,38.35
943904,Наличен,-,30.68
939049,Наличен,-,16.31
939036,Наличен,-,29.65
939034,Наличен,-,8.59
939239,Наличен,-,44.38
939237,Наличен,-,7.52
939236,Наличен,-,2.71
938383,Наличен,-,9.71
925763,Наличен,-,53.69
924349,Наличен,-,24.70
940297,Наличен,-,16.00
942011,Наличен,-,22.09
942009,Изчерпан,-,42.44
945093,Наличен,-,3.94
945094,Наличен,-,3.94
947053,Наличен,-,5.78
946868,Наличен,-,11.15
946867,Наличен,-,38.86
950592,Наличен,-,46.53
946869,Наличен,-,3.99
948593,Наличен,-,6.44
948606,Наличен,-,5.22
950200,Наличен,-,20.40
950507,Наличен,-,7.06
950508,Наличен,-,6.29
950509,Наличен,-,6.29
950506,Наличен,-,24.95
950597,Изчерпан,-,14.73
938317,Изчерпан,-,16.46
950598,Наличен,-,11.40
930241,Наличен,-,6.39
951274,Наличен,-,1.28
951275,Наличен,-,1.28
928715,Наличен,-,0.97
951278,Наличен,-,1.53
951279,Наличен,-,1.53
952804,Изчерпан,-,2.30
949851,Наличен,-,1.53
949852,Наличен,-,1.53
949853,Наличен,-,1.53
949854,Наличен,-,1.53
949855,Наличен,-,1.53
949849,Наличен,-,1.53
949850,Наличен,-,1.53
949845,Наличен,-,1.53
949846,Наличен,-,1.53
949847,Наличен,-,1.53
949848,Наличен,-,1.53
952051,Наличен,-,1.53
949844,Наличен,-,1.53
949464,Наличен,-,4.55
946886,Наличен,-,1.28
946887,Наличен,-,1.28
945629,Наличен,-,1.28
945628,Наличен,-,1.28
945622,Наличен,-,1.28
945623,Наличен,-,1.28
945624,Наличен,-,1.28
945625,Наличен,-,1.28
945626,Наличен,-,1.28
945627,Наличен,-,1.28
942850,Наличен,-,1.53
942851,Наличен,-,1.53
934879,Наличен,-,1.53
933221,Наличен,-,1.53
933222,Наличен,-,1.53
281005,Наличен,-,1.28
281007,Наличен,-,1.28
281014,Наличен,-,1.53
281013,Наличен,-,1.53
934882,Наличен,-,1.28
935552,Наличен,-,1.28
281012,Наличен,-,1.28
280910,Наличен,-,1.28
280909,Наличен,-,1.28
280908,Наличен,-,1.28
280907,Наличен,-,1.28
280906,Наличен,-,1.28
927381,Наличен,-,1.28
927383,Наличен,-,1.28
928777,Наличен,-,1.28
958782,Наличен,-,1.28
958783,Наличен,-,1.28
280905,Наличен,-,1.28
280994,Наличен,-,1.28
280993,Наличен,-,1.28
280992,Наличен,-,1.28
280991,Наличен,-,1.28
926057,Наличен,-,1.28
926056,Наличен,-,1.28
280911,Наличен,-,1.53
280902,Наличен,-,1.53
280903,Наличен,-,1.53
280904,Наличен,-,1.53
280997,Наличен,-,1.53
280995,Наличен,-,1.53
280901,Наличен,-,1.53
280863,Наличен,-,1.53
280996,Наличен,-,1.53
280985,Наличен,-,1.53
280969,Наличен,-,1.53
280970,Наличен,-,1.53
942248,Наличен,-,0.56
280873,Наличен,-,1.53
280874,Наличен,-,1.53
280983,Наличен,-,1.53
939597,Наличен,-,3.07
939598,Наличен,-,3.53
939599,Наличен,-,3.53
939600,Наличен,-,3.53
934075,Изчерпан,-,1.99
934076,Наличен,-,1.99
934077,Наличен,-,1.99
942245,Наличен,-,0.51
942246,Изчерпан,-,0.51
280871,Наличен,-,1.53
280872,Наличен,-,1.53
931340,Наличен,-,0.92
931341,Наличен,-,0.92
931342,Наличен,-,0.92
280864,Наличен,-,1.53
280865,Наличен,-,1.53
280866,Наличен,-,1.53
280867,Наличен,-,1.53
280868,Наличен,-,1.53
280869,Наличен,-,1.53
280870,Наличен,-,1.53
930356,Наличен,-,2.30
930357,Наличен,-,2.30
930358,Наличен,-,2.30
930359,Наличен,-,2.30
952803,Наличен,-,2.30
930350,Наличен,-,2.61
930351,Наличен,-,2.61
930352,Наличен,-,2.61
930353,Наличен,-,2.61
930354,Наличен,-,2.61
930355,Наличен,-,2.61
280976,Наличен,-,1.53
280975,Наличен,-,1.53
280974,Наличен,-,1.53
938871,Наличен,-,2.51
938872,Изчерпан,-,2.51
938873,Наличен,-,2.51
938874,Наличен,-,2.51
938875,Наличен,-,2.51
930344,Наличен,-,1.53
930345,Наличен,-,1.53
930346,Наличен,-,1.53
930347,Наличен,-,1.53
930348,Наличен,-,1.53
930349,Наличен,-,1.69
280980,Наличен,-,1.53
280979,Наличен,-,1.53
280978,Наличен,-,1.53
280977,Наличен,-,1.53
938867,Изчерпан,-,2.51
938868,Изчерпан,-,2.51
938869,Наличен,-,2.51
938870,Изчерпан,-,2.51
930343,Наличен,-,2.71
930342,Наличен,-,2.71
924908,Наличен,-,1.53
924909,Наличен,-,1.53
924910,Наличен,-,1.53
924911,Наличен,-,1.53
938864,Наличен,-,6.80
938865,Наличен,-,6.80
938866,Наличен,-,6.80
930316,Наличен,-,2.30
930317,Наличен,-,2.30
930318,Наличен,-,2.30
930319,Наличен,-,2.71
930320,Наличен,-,2.71
930321,Наличен,-,2.71
930322,Наличен,-,2.71
280862,Наличен,-,1.28
280861,Наличен,-,1.28
280984,Наличен,-,1.28
280860,Наличен,-,1.28
922079,Наличен,-,1.28
922078,Наличен,-,1.28
922081,Наличен,-,1.28
938863,Наличен,-,4.65
930304,Наличен,-,2.71
930305,Наличен,-,2.71
930306,Наличен,-,2.71
930307,Наличен,-,2.71
930308,Наличен,-,2.71
930309,Наличен,-,2.71
930310,Наличен,-,2.71
930311,Наличен,-,2.71
930312,Наличен,-,2.71
930301,Наличен,-,2.56
930302,Наличен,-,2.56
930303,Наличен,-,2.56
926052,Наличен,-,1.53
926053,Наличен,-,1.53
926054,Наличен,-,1.53
926055,Наличен,-,1.53
927829,Наличен,-,5.32
927830,Наличен,-,5.32
927831,Наличен,-,5.32
930289,Наличен,-,5.37
930290,Наличен,-,5.37
930291,Наличен,-,5.37
930292,Наличен,-,5.37
280887,Наличен,-,1.28
280888,Наличен,-,1.28
280889,Наличен,-,1.28
280890,Наличен,-,1.28
280891,Наличен,-,1.28
280892,Наличен,-,1.28
280893,Наличен,-,1.28
280894,Наличен,-,1.28
280895,Наличен,-,1.28
280896,Наличен,-,1.28
280897,Изчерпан,-,1.28
930285,Наличен,-,5.37
930286,Наличен,-,5.06
930287,Наличен,-,5.06
930288,Наличен,-,4.60
280875,Наличен,-,1.28
280876,Наличен,-,1.28
280877,Наличен,-,1.28
280878,Наличен,-,1.28
280879,Наличен,-,1.28
280880,Наличен,-,1.28
280881,Наличен,-,1.28
280882,Наличен,-,1.28
280883,Наличен,-,1.28
280884,Наличен,-,1.28
280885,Наличен,-,1.28
929240,Наличен,-,2.15
929241,Наличен,-,2.45
929242,Наличен,-,2.15
928743,Наличен,-,2.15
930329,Наличен,-,2.81
934343,Наличен,-,2.81
930330,Наличен,-,2.81
930331,Наличен,-,2.81
930332,Наличен,-,2.81
930333,Наличен,-,2.81
930334,Наличен,-,2.81
930335,Изчерпан,-,2.81
930336,Наличен,-,2.81
930337,Наличен,-,2.81
930338,Наличен,-,2.81
930339,Наличен,-,2.81
930340,Наличен,-,2.81
930341,Наличен,-,2.81
922005,Наличен,-,1.28
922006,Наличен,-,1.28
922007,Наличен,-,1.28
280981,Наличен,-,1.28
946885,Наличен,-,1.28
929238,Наличен,-,5.01
929239,Наличен,-,4.55
930323,Наличен,-,5.37
930324,Наличен,-,5.37
930325,Наличен,-,4.60
930326,Наличен,-,4.60
930327,Наличен,-,5.37
930328,Наличен,-,6.08
920608,Наличен,-,1.28
920607,Наличен,-,1.28
928629,Наличен,-,3.68
928630,Наличен,-,3.68
929244,Наличен,-,3.68
929245,Наличен,-,3.68
930313,Наличен,-,3.48
930314,Наличен,-,3.48
930315,Наличен,-,3.48
280913,Наличен,-,1.28
280914,Наличен,-,1.28
928243,Наличен,-,1.28
281008,Наличен,-,1.28
930293,Наличен,-,3.48
930294,Изчерпан,-,3.48
930295,Наличен,-,3.48
930296,Наличен,-,3.48
930297,Наличен,-,3.48
930298,Наличен,-,3.48
930299,Наличен,-,3.48
930300,Наличен,-,3.48
280859,Наличен,-,1.28
280858,Наличен,-,1.28
280857,Наличен,-,1.28
280982,Наличен,-,1.28
930280,Наличен,-,4.60
930281,Наличен,-,4.60
930282,Наличен,-,5.01
930283,Наличен,-,5.78
930284,Наличен,-,6.90
922008,Наличен,-,1.28
280917,Наличен,-,1.28
280916,Наличен,-,1.28
280915,Наличен,-,1.28
952058,Наличен,-,1.28
952057,Наличен,-,1.28
952056,Наличен,-,1.28
952055,Наличен,-,1.28
936223,Наличен,-,12.17
936225,Наличен,-,12.17
928143,Наличен,-,12.17
932199,Наличен,-,12.68
927521,Наличен,-,13.55
928144,Наличен,-,13.91
936126,Наличен,-,16.51
936577,Наличен,-,26.08
936578,Наличен,-,26.08
936579,Наличен,-,26.08
936222,Наличен,-,12.17
936224,Наличен,-,12.17
927518,Наличен,-,12.17
932198,Наличен,-,12.68
927519,Наличен,-,13.55
927520,Изчерпан,-,13.91
936125,Наличен,-,16.51
932134,Наличен,-,11.35
932135,Наличен,-,13.91
932136,Наличен,-,15.65
951266,Наличен,-,18.30
921963,Наличен,-,20.71
944044,Наличен,-,1.18
944045,Наличен,-,1.28
944046,Наличен,-,1.28
944047,Наличен,-,1.28
944084,Наличен,-,0.97
944098,Наличен,-,0.97
944085,Наличен,-,0.97
944086,Наличен,-,0.97
944099,Наличен,-,0.97
944100,Наличен,-,0.97
944087,Наличен,-,0.97
944101,Наличен,-,0.97
944197,Наличен,-,1.84
944195,Наличен,-,1.84
944193,Наличен,-,1.84
944196,Наличен,-,1.84
944194,Наличен,-,1.84
944652,Наличен,-,1.84
937947,Наличен,-,14.21
936392,Наличен,-,1.02
936391,Наличен,-,0.46
936390,Наличен,-,0.31
935272,Наличен,-,1.99
935750,Наличен,-,1.99
932176,Наличен,-,18.36
932247,Наличен,-,0.41
932248,Наличен,-,0.51
932249,Наличен,-,0.56
932250,Изчерпан,-,0.66
938101,Наличен,-,0.72
932251,Наличен,-,0.82
949094,Наличен,-,0.51
949095,Наличен,-,0.56
949092,Наличен,-,0.51
949093,Изчерпан,-,0.56
925108,Наличен,-,33.23
949099,Наличен,-,0.97
949100,Наличен,-,0.97
949101,Наличен,-,0.97
376021,Наличен,-,0.97
376022,Наличен,-,0.97
376023,Наличен,-,0.97
932133,Наличен,-,0.97
932132,Наличен,-,0.97
949096,Наличен,-,0.97
949097,Наличен,-,0.97
949098,Наличен,-,0.97
949105,Наличен,-,0.97
949106,Наличен,-,0.97
949107,Наличен,-,0.97
376002,Наличен,-,0.97
376003,Изчерпан,-,0.97
376004,Изчерпан,-,0.97
932127,Наличен,-,0.97
932128,Наличен,-,0.97
949102,Наличен,-,0.97
949103,Наличен,-,0.97
949104,Наличен,-,0.97
930515,Наличен,-,3.32
930528,Наличен,-,0.92
930529,Наличен,-,0.92
930530,Наличен,-,0.92
930525,Наличен,-,0.72
930526,Наличен,-,0.72
930527,Наличен,-,0.72
941833,Наличен,-,2.10
930519,Наличен,-,0.92
930520,Наличен,-,0.92
930521,Наличен,-,0.92
930522,Наличен,-,0.92
930523,Наличен,-,0.92
930524,Наличен,-,0.92
930516,Наличен,-,0.92
930517,Наличен,-,0.92
930518,Наличен,-,0.77
930502,Наличен,-,0.92
930507,Наличен,-,0.92
930509,Наличен,-,0.92
930497,Наличен,-,0.92
930500,Наличен,-,0.92
944858,Наличен,-,0.92
930503,Наличен,-,0.92
930504,Наличен,-,0.92
930505,Наличен,-,0.92
930506,Наличен,-,0.72
930508,Наличен,-,0.92
930510,Наличен,-,0.92
930511,Наличен,-,0.92
930512,Наличен,-,0.92
930513,Наличен,-,0.92
930514,Наличен,-,0.92
930496,Наличен,-,0.92
930498,Наличен,-,0.92
930501,Наличен,-,0.92
941832,Изчерпан,-,1.84
942524,Наличен,-,2.51
941219,Наличен,-,12.99
941218,Наличен,-,52.92
942272,Наличен,-,2.45
942271,Наличен,-,1.12
942273,Наличен,-,1.07
943458,Наличен,-,4.76
959585,Наличен,-,12.53
959586,Наличен,-,9.87
938855,Наличен,-,2.15
938856,Наличен,-,2.15
934742,Наличен,-,8.03
934743,Наличен,-,8.03
934744,Наличен,-,3.68
933906,Наличен,-,3.48
374454,Изчерпан,-,1.84
374111,Изчерпан,-,1.43
374110,Изчерпан,-,1.64
930113,Наличен,-,8.95
930114,Наличен,-,11.86
930115,Наличен,-,13.40
930098,Наличен,-,159.52
937940,Наличен,-,1.64
927882,Изчерпан,-,1.79
927881,Наличен,-,1.94
921351,Наличен,-,0.31
921347,Наличен,-,7.41
946988,Наличен,-,85.90
374169,Наличен,-,25.56
374425,Наличен,-,1.64
950603,Наличен,-,5.37
950604,Изчерпан,-,5.37
950605,Наличен,-,5.37
950593,Наличен,-,23.62
